<?xml version="1.0" encoding="UTF-8"?>
<project-private xmlns="http://www.netbeans.org/ns/project-private/1">
    <editor-bookmarks xmlns="http://www.netbeans.org/ns/editor-bookmarks/2" lastBookmarkId="0"/>
    <open-files xmlns="http://www.netbeans.org/ns/projectui-open-files/2">
        <group>
            <file>file:/D:/ZZZ%20Yosef/00%20Koleyah/Semester%203/Praktikum%20Pemrograman%201/Pertemuan%203%20(Jumat,%2015%20September%202023)/latihan1/src/latihan1/LowerToUpper.java</file>
            <file>file:/D:/ZZZ%20Yosef/00%20Koleyah/Semester%203/Praktikum%20Pemrograman%201/Pertemuan%203%20(Jumat,%2015%20September%202023)/latihan1/src/latihan1/UpperToLower.java</file>
        </group>
    </open-files>
</project-private>
