<?xml version="1.0" encoding="UTF-8"?>
<project-private xmlns="http://www.netbeans.org/ns/project-private/1">
    <editor-bookmarks xmlns="http://www.netbeans.org/ns/editor-bookmarks/2" lastBookmarkId="0"/>
    <open-files xmlns="http://www.netbeans.org/ns/projectui-open-files/2">
        <group>
            <file>file:/D:/ZZZ%20Yosef/00%20Koleyah/Semester%203/Praktikum%20Pemrograman%201/Pertemuan%202%20(Jumat,%208%20September%202023)/KalkulatorBangunDatar/src/Interface/LuasPermukaan.java</file>
            <file>file:/D:/ZZZ%20Yosef/00%20Koleyah/Semester%203/Praktikum%20Pemrograman%201/Pertemuan%202%20(Jumat,%208%20September%202023)/KalkulatorBangunDatar/src/Interface/Volume.java</file>
            <file>file:/D:/ZZZ%20Yosef/00%20Koleyah/Semester%203/Praktikum%20Pemrograman%201/Pertemuan%202%20(Jumat,%208%20September%202023)/KalkulatorBangunDatar/src/KalkulatorBangunRuang/Balok.java</file>
            <file>file:/D:/ZZZ%20Yosef/00%20Koleyah/Semester%203/Praktikum%20Pemrograman%201/Pertemuan%202%20(Jumat,%208%20September%202023)/KalkulatorBangunDatar/src/KalkulatorBangunRuang/KalkulatorBangunDatar.java</file>
            <file>file:/D:/ZZZ%20Yosef/00%20Koleyah/Semester%203/Praktikum%20Pemrograman%201/Pertemuan%202%20(Jumat,%208%20September%202023)/KalkulatorBangunDatar/src/KalkulatorBangunRuang/Kubus.java</file>
            <file>file:/D:/ZZZ%20Yosef/00%20Koleyah/Semester%203/Praktikum%20Pemrograman%201/Pertemuan%202%20(Jumat,%208%20September%202023)/KalkulatorBangunDatar/src/Interface/LuasAlas.java</file>
            <file>file:/D:/ZZZ%20Yosef/00%20Koleyah/Semester%203/Praktikum%20Pemrograman%201/Pertemuan%202%20(Jumat,%208%20September%202023)/KalkulatorBangunDatar/src/KalkulatorBangunRuang/KelasAbstractAtribute.java</file>
        </group>
    </open-files>
</project-private>
