<?xml version="1.0" encoding="UTF-8"?>
<project-private xmlns="http://www.netbeans.org/ns/project-private/1">
    <editor-bookmarks xmlns="http://www.netbeans.org/ns/editor-bookmarks/2" lastBookmarkId="0"/>
    <open-files xmlns="http://www.netbeans.org/ns/projectui-open-files/2">
        <group>
            <file>file:/C:/Users/asus/Documents/NetBeansProjects/BangunTigaDimensi%20-%20Copy/src/InterfaceBangunRuang/Volume.java</file>
            <file>file:/C:/Users/asus/Documents/NetBeansProjects/BangunTigaDimensi%20-%20Copy/src/BangunRuang/Balok.java</file>
            <file>file:/C:/Users/asus/Documents/NetBeansProjects/BangunTigaDimensi%20-%20Copy/src/InterfaceBangunRuang/LuasPermukaan.java</file>
            <file>file:/C:/Users/asus/Documents/NetBeansProjects/BangunTigaDimensi%20-%20Copy/src/BangunRuang/Bola.java</file>
            <file>file:/C:/Users/asus/Documents/NetBeansProjects/BangunTigaDimensi%20-%20Copy/src/BangunRuang/Prisma.java</file>
            <file>file:/C:/Users/asus/Documents/NetBeansProjects/BangunTigaDimensi%20-%20Copy/src/BangunRuang/KelasAbstract.java</file>
            <file>file:/C:/Users/asus/Documents/NetBeansProjects/BangunTigaDimensi%20-%20Copy/src/BangunRuang/BangunRuang.java</file>
        </group>
    </open-files>
</project-private>
